,_id,title,text,rating,reviewer_handle,language,airline_name,flight_date,flight_connection,flight_type,booking_class
0,yIkwg343,,Top Servie!! Professioneller Service. Bin 4 Strecken mit Qatar geflogen. Es sind uns mehrmals Snacks gebracht worden..wohlgemerkt neben dem normalen Essen. G√§ste vor mir hatten Gin Tonic unf Wodka LemonüôÇ Selbst in der Economy... wir sind dreimal vor der Zeit abgeflogen,5.0,,,Emirates,,,,
1,sEPNCE5c,,"Die Airline mag an sich ok sein (aber 1. Klasse ist sie definitiv auch nicht). Was mich aber richtig ge√§rgert hat war Folgendes: Unser Flug wurde (wohl wegen schlechtem Wetter) gestrichen - das ist zwar √§rgerlich, aber kann eben passieren und Sicherheit geht eben vor. Wir hatten urspr√ºnglich comfort seats gebucht, die es nur f√ºr ausgew√§hlte Maschinen gibt und die uns 300‚Ç¨ gekostet haben (vergleichbar mit Premium Economy Sitzen bei anderen Airlines). Da wir nun aber auf einen anderen Flug / andere Maschine umgebucht wurden, bekamen wir auch andere Sitze (am Notausgang). Unser Geld bekamen wir nicht wieder, obwohl selbst die Differenz noch fast 200‚Ç¨ betrug. Das geht echt gar nicht‚Ä¶",1.0,,,Emirates,,,,
2,Gbpa6Vkh,,"Top Airlines
Essen und Bewirtung fantastisch
Einfach klasse
WORLDS BEST AIRLINE.
Alles hat gestimmt.
Bitte Umsteigezeit in Doha verl√§ngern.
Dann hat mein Zeit Duty Free einkaufen zu gehen",5.0,,,Emirates,,,,
3,FhRbdHy3,,"Service und Flugzeug im Gro√üen und Ganzen Okay, was mich jedoch st√∂rt ist der Kundenservice in Bezug auf meinen besch√§digten Koffer. Keinerlei Kulanz, da scheinbar die Kofferreklamation gleich nach Landung bei einem dedizierten Reklamationsschalter erfolgen muss. War mich nicht Bewusst, so dass ich nach einem 16 Stunden Flug erst nach Hause bin um von dort aus online eine Reklamation zu starten, was scheinbar falsch war. Keine R√ºcksichtnahme und Kulanz, ich bleibe auf meinen Schaden f√ºr einen bereits √ºberteuerten Flug sitzen!",3.0,,,Emirates,,,,
4,xqlo91bd,,"In der Economy-Klasse sind die Sitze ziemlich eng, was ich als sehr unangenehm empfunden habe.
Die Verpflegung ist wie bei allen anderen Fluglinien auch, man muss nicht hungern.
Auch der Service ist eher durchschnittlich, gelangweilt Stewardessen machen wenig motiviert ihren Job.
Das Unterhaltungsprigramm ist nicht so dolle, nur wenig deutschsprachige Filme.
Sehr negativ aufgefallen ist, dass ich trotz einer teuren und bereits 6 Monate vor Reisebeginn bezahlten Reservierung nicht den gew√§hlten Sitzplatz am Notausgang bekommen habe. Dies habe ich nur zuf√§llig beim Check-in bemerkt, die Fluggesellschaft hat mir dieses nicht mitgeteilt. Nur durch eine lange Diskussion am Check-In-Schalter konnte eine akzeptable L√∂sung gefunden werden (Upgrade auf Premium-Economy, daf√ºr ein Sitzplatz in der mittleren Mitte).
Die Premium-Economy, die ich dadurch kennenlernen durfte, bietet Sitze in normaler Breite mit etwas mehr Beinfreiheit.
Als unr√ºhmlicher Abschluss blieb unser Gep√§ck am Ende am letzten Zwischenstopp h√§ngen, daf√ºr schieben sich die Fluggesellschaft und der Flughafen nun aber gegenseitig den schwarzen Peter zu...",3.0,,,Emirates,,,,
